{"cameraMode":{"drawMode":0,"name":"Shaded","section":"Shading Mode"},"sceneLighting":true,"audioPlay":false,"sceneViewState":{"showFog":true,"showMaterialUpdate":false,"showSkybox":true,"showFlares":true,"showImageEffects":true,"showParticleSystems":true},"in2DMode":false,"pivot":{"x":857.3660278320313,"y":160.3629150390625,"z":-49.26561737060547},"rotation":{"x":0.08719600737094879,"y":0.20333971083164216,"z":0.01818433403968811,"w":-0.975048303604126},"size":268.6005554199219,"orthographic":false}