{"cameraMode":{"drawMode":0,"name":"Shaded","section":"Shading Mode"},"sceneLighting":true,"audioPlay":false,"sceneViewState":{"showFog":true,"showMaterialUpdate":true,"showSkybox":true,"showFlares":true,"showImageEffects":true,"showParticleSystems":true},"in2DMode":false,"pivot":{"x":-4.964621067047119,"y":4.775691986083984,"z":11.461235046386719},"rotation":{"x":-0.34214213490486147,"y":0.03147001191973686,"z":-0.0114662516862154,"w":-0.9390511512756348},"size":27.679271697998048,"orthographic":false}